Workbook

Sheet Tiempos
A1: salmonella | B1: Repetición 1 | C1: Repetición 2 | D1: Repetición 3 | E1: Repetición 4 | F1: Repetición 5 | G1: MEDIANA | H1: COEF. VAR.
A2: 5 | B2: 2.83919 | C2: 2.839667 | D2: 2.842787 | E2: 2.840102 | F2: 2.840557 | G2: =MEDIAN(B2:F2) -> 2.840102 | H2: =STDEV(B2:F2)/AVERAGE(B2:F2) -> 0.0004914376
A3: 50 | B3: 28.106755 | C3: 28.128354 | D3: 28.188056 | E3: 28.141429 | F3: 28.11604 | G3: =MEDIAN(B3:F3) -> 28.128354 | H3: =STDEV(B3:F3)/AVERAGE(B3:F3) -> 0.0011311124
A4: 100 | B4: 56.237556 | C4: 56.213913 | D4: 56.311036 | E4: 56.266636 | F4: 56.263558 | G4: =MEDIAN(B4:F4) -> 56.263558 | H4: =STDEV(B4:F4)/AVERAGE(B4:F4) -> 0.00064570608
A6: neotrop | B6: Repetición 1 | C6: Repetición 2 | D6: Repetición 3 | E6: Repetición 4 | F6: Repetición 5 | G6: MEDIANA | H6: COEF. VAR.
A7: 100 | B7: 39.626274 | C7: 39.556413 | D7: 39.541718 | E7: 39.557485 | F7: 39.537078 | G7: =MEDIAN(B7:F7) -> 39.556413 | H7: =STDEV(B7:F7)/AVERAGE(B7:F7) -> 0.00091124951
A8: 1000 | B8: 395.48869 | C8: 395.5652 | D8: 395.65771 | E8: 395.45588 | F8: 395.57958 | G8: =MEDIAN(B8:F8) -> 395.5652 | H8: =STDEV(B8:F8)/AVERAGE(B8:F8) -> 0.000201153
A9: 10000 | B9: 3966.8549 | C9: 3980.6714 | D9: 3991.3207 | E9: 3991.5416 | F9: 3974.6912 | G9: =MEDIAN(B9:F9) -> 3980.6714 | H9: =STDEV(B9:F9)/AVERAGE(B9:F9) -> 0.0026868037
A11: bv | B11: Repetición 1 | C11: Repetición 2 | D11: Repetición 3 | E11: Repetición 4 | F11: Repetición 5 | G11: MEDIANA | H11: COEF. VAR.
A12: 150 | B12: 48.861891 | C12: 49.665834 | D12: 48.885963 | E12: 48.869616 | F12: 48.895009 | G12: =MEDIAN(B12:F12) -> 48.885963 | H12: =STDEV(B12:F12)/AVERAGE(B12:F12) -> 0.0071890248
A13: 1500 | B13: 491.16054 | C13: 487.09894 | D13: 487.28362 | E13: 487.8043 | F13: 487.07624 | G13: =MEDIAN(B13:F13) -> 487.28362 | H13: =STDEV(B13:F13)/AVERAGE(B13:F13) -> 0.0035736932
A14: 15000 | B14: 4937.9625 | C14: 4898.2224 | D14: 4907.3129 | E14: 4902.5909 | F14: 4905.9098 | G14: =MEDIAN(B14:F14) -> 4905.9098 | H14: =STDEV(B14:F14)/AVERAGE(B14:F14) -> 0.0032178186
A16: tara | B16: Repetición 1 | C16: Repetición 2 | D16: Repetición 3 | E16: Repetición 4 | F16: Repetición 5 | G16: MEDIANA | H16: COEF. VAR.
A17: 100 | B17: 375.41028 | C17: 370.82211 | D17: 376.93997 | E17: 371.63531 | F17: 376.69056 | G17: =MEDIAN(B17:F17) -> 375.41028 | H17: =STDEV(B17:F17)/AVERAGE(B17:F17) -> 0.0076869035
A18: 1000 | B18: 3769.9687 | C18: 3755.5213 | D18: 3710.2985 | E18: 3709.919 | F18: 3708.7571 | G18: =MEDIAN(B18:F18) -> 3710.2985 | H18: =STDEV(B18:F18)/AVERAGE(B18:F18) -> 0.0079143421
A19: 10000 | B19: 37231.701 | C19: 37018.749 | D19: 37528.644 | E19: 37674.709 | F19: 37854.356 | G19: =MEDIAN(B19:F19) -> 37528.644 | H19: =STDEV(B19:F19)/AVERAGE(B19:F19) -> 0.0089845907

Sheet paralelismo_grueso_6_cores
A1: salmonella | B1: Repetición 1 | C1: Repetición 2 | D1: Repetición 3 | E1: Repetición 4 | F1: Repetición 5 | G1: MEDIANA | H1: COEF. VAR. | I1: ACELERACIÓN | J1: EFICIENCIA
A2: 5 | B2: 0.606817 | C2: 0.605441 | D2: 0.613883 | E2: 0.602926 | F2: 0.5953 | G2: =MEDIAN(B2:F2) -> 0.605441 | H2: =STDEV(B2:F2)/AVERAGE(B2:F2) -> 0.011112266 | I2: =Tiempos!G2/G2 -> 4.6909641 | J2: =(I2/L20) -> 0.78182735
A3: 50 | B3: 5.388452 | C3: 5.57607 | D3: 5.551519 | E3: 5.556961 | F3: 5.398545 | G3: =MEDIAN(B3:F3) -> 5.551519 | H3: =STDEV(B3:F3)/AVERAGE(B3:F3) -> 0.0168441 | I3: =Tiempos!G3/G3 -> 5.0667851 | J3: =(I3/L20) -> 0.84446419
A4: 100 | B4: 10.338312 | C4: 10.235947 | D4: 10.274834 | E4: 10.259012 | F4: 10.294822 | G4: =MEDIAN(B4:F4) -> 10.274834 | H4: =STDEV(B4:F4)/AVERAGE(B4:F4) -> 0.0037754696 | I4: =Tiempos!G4/G4 -> 5.4758605 | J4: =(I4/L20) -> 0.91264342
I5: =STDEV(I2:I4)/AVERAGE(I2:I4) -> 0.07730911 | J5: =STDEV(J2:J4)/AVERAGE(J2:J4) -> 0.07730911
A6: neotrop | B6: Repetición 1 | C6: Repetición 2 | D6: Repetición 3 | E6: Repetición 4 | F6: Repetición 5 | G6: MEDIANA | H6: COEF. VAR. | I6: ACELERACIÓN | J6: EFICIENCIA
A7: 100 | B7: 7.331788 | C7: 7.361674 | D7: 7.480449 | E7: 7.538847 | F7: 7.530453 | G7: =MEDIAN(B7:F7) -> 7.480449 | H7: =STDEV(B7:F7)/AVERAGE(B7:F7) -> 0.012922465 | I7: =Tiempos!G7/G7 -> 5.2879731 | J7: =(I7/L20) -> 0.88132885
A8: 1000 | B8: 72.364105 | C8: 72.663526 | D8: 73.867841 | E8: 74.329336 | F8: 74.366174 | G8: =MEDIAN(B8:F8) -> 73.867841 | H8: =STDEV(B8:F8)/AVERAGE(B8:F8) -> 0.012835151 | I8: =Tiempos!G8/G8 -> 5.3550395 | J8: =(I8/L20) -> 0.89250658
A9: 10000 | B9: 720.79413 | C9: 730.8511 | D9: 736.8632 | E9: 741.16085 | F9: 742.90502 | G9: =MEDIAN(B9:F9) -> 736.8632 | H9: =STDEV(B9:F9)/AVERAGE(B9:F9) -> 0.012210562 | I9: =Tiempos!G9/G9 -> 5.4021851 | J9: =(I9/L20) -> 0.90036418
I10: =STDEV(I7:I9)/AVERAGE(I7:I9) -> 0.010731213 | J10: =STDEV(J7:J9)/AVERAGE(J7:J9) -> 0.010731213
A11: bv | B11: Repetición 1 | C11: Repetición 2 | D11: Repetición 3 | E11: Repetición 4 | F11: Repetición 5 | G11: MEDIANA | H11: COEF. VAR. | I11: ACELERACIÓN | J11: EFICIENCIA
A12: 150 | B12: 8.886531 | C12: 8.617289 | D12: 9.172782 | E12: 9.172135 | F12: 9.190796 | G12: =MEDIAN(B12:F12) -> 9.172135 | H12: =STDEV(B12:F12)/AVERAGE(B12:F12) -> 0.028025024 | I12: =Tiempos!G12/G12 -> 5.3298347 | J12: =(I12/L20) -> 0.88830578
A13: 1500 | B13: 91.074951 | C13: 92.414682 | D13: 91.856357 | E13: 89.825349 | F13: 89.118304 | G13: =MEDIAN(B13:F13) -> 91.074951 | H13: =STDEV(B13:F13)/AVERAGE(B13:F13) -> 0.015130969 | I13: =Tiempos!G13/G13 -> 5.3503583 | J13: =(I13/L20) -> 0.89172639
A14: 15000 | B14: 894.23933 | C14: 901.99957 | D14: 908.70649 | E14: 921.74159 | F14: 922.57933 | G14: =MEDIAN(B14:F14) -> 908.70649 | H14: =STDEV(B14:F14)/AVERAGE(B14:F14) -> 0.013573458 | I14: =Tiempos!G14/G14 -> 5.3987837 | J14: =(I14/L20) -> 0.89979728
I15: =STDEV(I12:I14)/AVERAGE(I12:I14) -> 0.0066054415 | J15: =STDEV(J12:J14)/AVERAGE(J12:J14) -> 0.0066054415
A16: tara | B16: Repetición 1 | C16: Repetición 2 | D16: Repetición 3 | E16: Repetición 4 | F16: Repetición 5 | G16: MEDIANA | H16: COEF. VAR. | I16: ACELERACIÓN | J16: EFICIENCIA
A17: 100 | B17: 69.153389 | C17: 70.171199 | D17: 70.084343 | E17: 69.869854 | F17: 69.748705 | G17: =MEDIAN(B17:F17) -> 69.869854 | H17: =STDEV(B17:F17)/AVERAGE(B17:F17) -> 0.0057485554 | I17: =Tiempos!G17/G17 -> 5.3729937 | J17: =(I17/L20) -> 0.89549895
A18: 1000 | B18: 685.19115 | C18: 693.6272 | D18: 691.3642 | E18: 690.33536 | F18: 691.53582 | G18: =MEDIAN(B18:F18) -> 691.3642 | H18: =STDEV(B18:F18)/AVERAGE(B18:F18) -> 0.0045671132 | I18: =Tiempos!G18/G18 -> 5.3666338 | J18: =(I18/L20) -> 0.89443896
A19: 10000 | B19: 6846.1209 | C19: 6945.549 | D19: 6920.0768 | E19: 6896.134 | F19: 6894.8948 | G19: =MEDIAN(B19:F19) -> 6896.134 | H19: =STDEV(B19:F19)/AVERAGE(B19:F19) -> 0.0053345056 | I19: =Tiempos!G19/G19 -> 5.441983 | J19: =(I19/L20) -> 0.90699716
I20: =STDEV(I17:I19)/AVERAGE(I17:I19) -> 0.0077473305 | J20: =STDEV(J17:J19)/AVERAGE(J17:J19) -> 0.0077473305 | K20: Nº CORES | L20: =6 -> 6

Sheet paralelismo_fino_6_cores
A1: salmonella | B1: Repetición 1 | C1: Repetición 2 | D1: Repetición 3 | E1: Repetición 4 | F1: Repetición 5 | G1: MEDIANA | H1: COEF. VAR. | I1: ACELERACIÓN | J1: EFICIENCIA
A2: 5 | B2: 0.518938 | C2: 0.52034 | D2: 0.520413 | E2: 0.522789 | F2: 0.525116 | G2: =MEDIAN(B2:F2) -> 0.520413 | H2: =STDEV(B2:F2)/AVERAGE(B2:F2) -> 0.0046797926 | I2: =Tiempos!G2/G2 -> 5.4574002 | J2: =(I2/L20) -> 0.9095667
A3: 50 | B3: 5.281201 | C3: 5.292505 | D3: 5.285425 | E3: 5.295318 | F3: 5.221194 | G3: =MEDIAN(B3:F3) -> 5.285425 | H3: =STDEV(B3:F3)/AVERAGE(B3:F3) -> 0.0058131386 | I3: =Tiempos!G3/G3 -> 5.3218718 | J3: =(I3/L20) -> 0.88697863
A4: 100 | B4: 10.578314 | C4: 10.603302 | D4: 10.573393 | E4: 10.341053 | F4: 10.467962 | G4: =MEDIAN(B4:F4) -> 10.573393 | H4: =STDEV(B4:F4)/AVERAGE(B4:F4) -> 0.010383317 | I4: =Tiempos!G4/G4 -> 5.3212396 | J4: =(I4/L20) -> 0.88687327
I5: =STDEV(I2:I4)/AVERAGE(I2:I4) -> 0.014613912 | J5: =STDEV(J2:J4)/AVERAGE(J2:J4) -> 0.014613912
A6: neotrop | B6: Repetición 1 | C6: Repetición 2 | D6: Repetición 3 | E6: Repetición 4 | F6: Repetición 5 | G6: MEDIANA | H6: COEF. VAR. | I6: ACELERACIÓN | J6: EFICIENCIA
A7: 100 | B7: 7.589936 | C7: 7.603299 | D7: 7.60703 | E7: 7.570634 | F7: 7.540104 | G7: =MEDIAN(B7:F7) -> 7.589936 | H7: =STDEV(B7:F7)/AVERAGE(B7:F7) -> 0.0036283467 | I7: =Tiempos!G7/G7 -> 5.2116926 | J7: =(I7/L20) -> 0.86861543
A8: 1000 | B8: 76.24207 | C8: 76.434981 | D8: 76.121071 | E8: 76.514631 | F8: 75.734435 | G8: =MEDIAN(B8:F8) -> 76.24207 | H8: =STDEV(B8:F8)/AVERAGE(B8:F8) -> 0.0040364737 | I8: =Tiempos!G8/G8 -> 5.18828 | J8: =(I8/L20) -> 0.86471333
A9: 10000 | B9: 761.52627 | C9: 763.62415 | D9: 761.79528 | E9: 764.9748 | F9: 769.89786 | G9: =MEDIAN(B9:F9) -> 763.62415 | H9: =STDEV(B9:F9)/AVERAGE(B9:F9) -> 0.0044459822 | I9: =Tiempos!G9/G9 -> 5.2128673 | J9: =(I9/L20) -> 0.86881122
I10: =STDEV(I7:I9)/AVERAGE(I7:I9) -> 0.002664891 | J10: =STDEV(J7:J9)/AVERAGE(J7:J9) -> 0.002664891
A11: bv | B11: Repetición 1 | C11: Repetición 2 | D11: Repetición 3 | E11: Repetición 4 | F11: Repetición 5 | G11: MEDIANA | H11: COEF. VAR. | I11: ACELERACIÓN | J11: EFICIENCIA
A12: 150 | B12: 9.002813 | C12: 9.020874 | D12: 9.049703 | E12: 8.901195 | F12: 8.744316 | G12: =MEDIAN(B12:F12) -> 9.002813 | H12: =STDEV(B12:F12)/AVERAGE(B12:F12) -> 0.013947925 | I12: =Tiempos!G12/G12 -> 5.4300765 | J12: =(I12/L20) -> 0.90501274
A13: 1500 | B13: 90.052677 | C13: 90.192873 | D13: 90.250182 | E13: 90.559515 | F13: 91.001246 | G13: =MEDIAN(B13:F13) -> 90.250182 | H13: =STDEV(B13:F13)/AVERAGE(B13:F13) -> 0.0041836276 | I13: =Tiempos!G13/G13 -> 5.3992536 | J13: =(I13/L20) -> 0.89987561
A14: 15000 | B14: 898.48912 | C14: 906.3189 | D14: 906.29945 | E14: 908.58046 | F14: 903.03555 | G14: =MEDIAN(B14:F14) -> 906.29945 | H14: =STDEV(B14:F14)/AVERAGE(B14:F14) -> 0.004333542 | I14: =Tiempos!G14/G14 -> 5.4131223 | J14: =(I14/L20) -> 0.90218705
I15: =STDEV(I12:I14)/AVERAGE(I12:I14) -> 0.0028512569 | J15: =STDEV(J12:J14)/AVERAGE(J12:J14) -> 0.0028512569
A16: tara | B16: Repetición 1 | C16: Repetición 2 | D16: Repetición 3 | E16: Repetición 4 | F16: Repetición 5 | G16: MEDIANA | H16: COEF. VAR. | I16: ACELERACIÓN | J16: EFICIENCIA
A17: 100 | B17: 68.381495 | C17: 68.44028 | D17: 68.377088 | E17: 68.718111 | F17: 69.078651 | G17: =MEDIAN(B17:F17) -> 68.44028 | H17: =STDEV(B17:F17)/AVERAGE(B17:F17) -> 0.0044095136 | I17: =Tiempos!G17/G17 -> 5.4852243 | J17: =(I17/L20) -> 0.91420405
A18: 1000 | B18: 685.51812 | C18: 686.04165 | D18: 687.34005 | E18: 687.01624 | F18: 691.91134 | G18: =MEDIAN(B18:F18) -> 687.01624 | H18: =STDEV(B18:F18)/AVERAGE(B18:F18) -> 0.0036903511 | I18: =Tiempos!G18/G18 -> 5.4005979 | J18: =(I18/L20) -> 0.90009965
A19: 10000 | B19: 6858.375 | C19: 6868.6353 | D19: 6859.5715 | E19: 6878.3279 | F19: 6929.9268 | G19: =MEDIAN(B19:F19) -> 6868.6353 | H19: =STDEV(B19:F19)/AVERAGE(B19:F19) -> 0.0043027446 | I19: =Tiempos!G19/G19 -> 5.4637701 | J19: =(I19/L20) -> 0.91062834
I20: =STDEV(I17:I19)/AVERAGE(I17:I19) -> 0.0080724231 | J20: =STDEV(J17:J19)/AVERAGE(J17:J19) -> 0.0080724231 | K20: Nº CORES | L20: =6 -> 6

Sheet vectorizacion
A1: salmonella | B1: Repetición 1 | C1: Repetición 2 | D1: Repetición 3 | E1: Repetición 4 | F1: Repetición 5 | G1: MEDIANA | H1: COEF. VAR. | I1: ACELERACIÓN | J1: EFICIENCIA
A2: 5 | B2: 0.91511 | C2: 0.962754 | D2: 0.90947 | E2: 0.962842 | F2: 0.919419 | G2: =MEDIAN(B2:F2) -> 0.919419 | H2: =STDEV(B2:F2)/AVERAGE(B2:F2) -> 0.028479809 | I2: =Tiempos!G2/G2 -> 3.0890182 | J2: =(I2/L20) -> 0.51483636
A3: 50 | B3: 9.04991 | C3: 9.350654 | D3: 9.042883 | E3: 9.33353 | F3: 8.837503 | G3: =MEDIAN(B3:F3) -> 9.04991 | H3: =STDEV(B3:F3)/AVERAGE(B3:F3) -> 0.023853306 | I3: =Tiempos!G3/G3 -> 3.1081363 | J3: =(I3/L20) -> 0.51802272
A4: 100 | B4: 17.959783 | C4: 18.644629 | D4: 18.085998 | E4: 18.616898 | F4: 18.092821 | G4: =MEDIAN(B4:F4) -> 18.092821 | H4: =STDEV(B4:F4)/AVERAGE(B4:F4) -> 0.017761417 | I4: =Tiempos!G4/G4 -> 3.1097173 | J4: =(I4/L20) -> 0.51828621
I5: =STDEV(I2:I4)/AVERAGE(I2:I4) -> 0.0037138363 | J5: =STDEV(J2:J4)/AVERAGE(J2:J4) -> 0.0037138363
A6: neotrop | B6: Repetición 1 | C6: Repetición 2 | D6: Repetición 3 | E6: Repetición 4 | F6: Repetición 5 | G6: MEDIANA | H6: COEF. VAR. | I6: ACELERACIÓN | J6: EFICIENCIA
A7: 100 | B7: 12.731148 | C7: 13.130066 | D7: 12.700843 | E7: 13.093442 | F7: 12.723383 | G7: =MEDIAN(B7:F7) -> 12.731148 | H7: =STDEV(B7:F7)/AVERAGE(B7:F7) -> 0.016782892 | I7: =Tiempos!G7/G7 -> 3.1070578 | J7: =(I7/L20) -> 0.51784297
A8: 1000 | B8: 129.86208 | C8: 129.94596 | D8: 130.08611 | E8: 127.05859 | F8: 126.92324 | G8: =MEDIAN(B8:F8) -> 129.86208 | H8: =STDEV(B8:F8)/AVERAGE(B8:F8) -> 0.012669239 | I8: =Tiempos!G8/G8 -> 3.0460409 | J8: =(I8/L20) -> 0.50767348
A9: 10000 | B9: 1257.4495 | C9: 1271.5478 | D9: 1257.3974 | E9: 1273.6829 | F9: 1302.3473 | G9: =MEDIAN(B9:F9) -> 1271.5478 | H9: =STDEV(B9:F9)/AVERAGE(B9:F9) -> 0.014425311 | I9: =Tiempos!G9/G9 -> 3.1305716 | J9: =(I9/L20) -> 0.52176194
I10: =STDEV(I7:I9)/AVERAGE(I7:I9) -> 0.014098918 | J10: =STDEV(J7:J9)/AVERAGE(J7:J9) -> 0.014098918
A11: bv | B11: Repetición 1 | C11: Repetición 2 | D11: Repetición 3 | E11: Repetición 4 | F11: Repetición 5 | G11: MEDIANA | H11: COEF. VAR. | I11: ACELERACIÓN | J11: EFICIENCIA
A12: 150 | B12: 15.122805 | C12: 15.860557 | D12: 15.427642 | E12: 15.854122 | F12: 15.4894 | G12: =MEDIAN(B12:F12) -> 15.4894 | H12: =STDEV(B12:F12)/AVERAGE(B12:F12) -> 0.020081042 | I12: =Tiempos!G12/G12 -> 3.1560915 | J12: =(I12/L20) -> 0.52601524
A13: 1500 | B13: 153.14813 | C13: 159.43567 | D13: 155.20961 | E13: 159.1334 | F13: 155.05121 | G13: =MEDIAN(B13:F13) -> 155.20961 | H13: =STDEV(B13:F13)/AVERAGE(B13:F13) -> 0.017655419 | I13: =Tiempos!G13/G13 -> 3.1395197 | J13: =(I13/L20) -> 0.52325328
A14: 15000 | B14: 1575.862 | C14: 1593.4989 | D14: 1559.7301 | E14: 1590.9808 | F14: 1557.5347 | G14: =MEDIAN(B14:F14) -> 1575.862 | H14: =STDEV(B14:F14)/AVERAGE(B14:F14) -> 0.010692506 | I14: =Tiempos!G14/G14 -> 3.1131595 | J14: =(I14/L20) -> 0.51885992
I15: =STDEV(I12:I14)/AVERAGE(I12:I14) -> 0.0069034946 | J15: =STDEV(J12:J14)/AVERAGE(J12:J14) -> 0.0069034946
A16: tara | B16: Repetición 1 | C16: Repetición 2 | D16: Repetición 3 | E16: Repetición 4 | F16: Repetición 5 | G16: MEDIANA | H16: COEF. VAR. | I16: ACELERACIÓN | J16: EFICIENCIA
A17: 100 | B17: 107.88737 | C17: 111.71477 | D17: 106.57198 | E17: 111.89853 | F17: 108.78782 | G17: =MEDIAN(B17:F17) -> 108.78782 | H17: =STDEV(B17:F17)/AVERAGE(B17:F17) -> 0.021567554 | I17: =Tiempos!G17/G17 -> 3.4508485 | J17: =(I17/L20) -> 0.57514141
A18: 1000 | B18: 1071.3575 | C18: 1095.9721 | D18: 1083.8524 | E18: 1115.2472 | F18: 1094.8907 | G18: =MEDIAN(B18:F18) -> 1094.8907 | H18: =STDEV(B18:F18)/AVERAGE(B18:F18) -> 0.014880629 | I18: =Tiempos!G18/G18 -> 3.3887386 | J18: =(I18/L20) -> 0.56478977
A19: 10000 | B19: 10670.796 | C19: 11092.389 | D19: 10891.911 | E19: 10938.075 | F19: 11177.798 | G19: =MEDIAN(B19:F19) -> 10938.075 | H19: =STDEV(B19:F19)/AVERAGE(B19:F19) -> 0.017886071 | I19: =Tiempos!G19/G19 -> 3.43101 | J19: =(I19/L20) -> 0.57183501
I20: =STDEV(I17:I19)/AVERAGE(I17:I19) -> 0.0092661406 | J20: =STDEV(J17:J19)/AVERAGE(J17:J19) -> 0.0092661406 | K20: Nº CORES | L20: =6 -> 6
