Workbook

Sheet Tiempos_cluster
A1: salmonella | B1: Repetición 1 | C1: Repetición 2 | D1: Repetición 3 | E1: Repetición 4 | F1: Repetición 5 | G1: MEDIANA | H1: COEF. VAR.
A2: 5 | B2: 3.064 | C2: 3.062059 | D2: 3.067633 | E2: 3.061353 | F2: 3.05862 | G2: =MEDIAN(B2:F2) -> 3.062059 | H2: =STDEV(B2:F2)/AVERAGE(B2:F2) -> 0.0010938033
A3: 50 | B3: 30.2113 | C3: 30.202128 | D3: 30.225158 | E3: 30.21345 | F3: 30.199705 | G3: =MEDIAN(B3:F3) -> 30.2113 | H3: =STDEV(B3:F3)/AVERAGE(B3:F3) -> 0.0003354132
A4: 100 | B4: 60.468601 | C4: 60.520574 | D4: 60.450387 | E4: 60.427868 | F4: 60.426512 | G4: =MEDIAN(B4:F4) -> 60.450387 | H4: =STDEV(B4:F4)/AVERAGE(B4:F4) -> 0.00063964627
A6: neotrop | B6: Repetición 1 | C6: Repetición 2 | D6: Repetición 3 | E6: Repetición 4 | F6: Repetición 5 | G6: MEDIANA | H6: COEF. VAR.
A7: 100 | B7: 41.761681 | C7: 41.696011 | D7: 41.697295 | E7: 41.667245 | F7: 41.673047 | G7: =MEDIAN(B7:F7) -> 41.696011 | H7: =STDEV(B7:F7)/AVERAGE(B7:F7) -> 0.00089911479
A8: 1000 | B8: 417.08616 | C8: 417.04892 | D8: 417.44132 | E8: 417.01198 | F8: 417.32222 | G8: =MEDIAN(B8:F8) -> 417.08616 | H8: =STDEV(B8:F8)/AVERAGE(B8:F8) -> 0.00045276693
A9: 10000 | B9: 4171.7625 | C9: 4175.1273 | D9: 4171.6146 | E9: 4171.2179 | F9: 4175.5523 | G9: =MEDIAN(B9:F9) -> 4171.7625 | H9: =STDEV(B9:F9)/AVERAGE(B9:F9) -> 0.00050338735
A11: bv | B11: Repetición 1 | C11: Repetición 2 | D11: Repetición 3 | E11: Repetición 4 | F11: Repetición 5 | G11: MEDIANA | H11: COEF. VAR.
A12: 150 | B12: 51.65656 | C12: 51.62554 | D12: 51.6318 | E12: 51.620975 | F12: 51.642943 | G12: =MEDIAN(B12:F12) -> 51.6318 | H12: =STDEV(B12:F12)/AVERAGE(B12:F12) -> 0.0002777538
A13: 1500 | B13: 516.75386 | C13: 516.25261 | D13: 516.51397 | E13: 516.28906 | F13: 516.37171 | G13: =MEDIAN(B13:F13) -> 516.37171 | H13: =STDEV(B13:F13)/AVERAGE(B13:F13) -> 0.00039501764
A14: 15000 | B14: 5184.2931 | C14: 5180.8819 | D14: 5184.2105 | E14: 5185.0981 | F14: 5185.8313 | G14: =MEDIAN(B14:F14) -> 5184.2931 | H14: =STDEV(B14:F14)/AVERAGE(B14:F14) -> 0.00036590715
A16: tara | B16: Repetición 1 | C16: Repetición 2 | D16: Repetición 3 | E16: Repetición 4 | F16: Repetición 5 | G16: MEDIANA | H16: COEF. VAR.
A17: 100 | B17: 376.99318 | C17: 376.68744 | D17: 376.67173 | E17: 376.65239 | F17: 376.84743 | G17: =MEDIAN(B17:F17) -> 376.68744 | H17: =STDEV(B17:F17)/AVERAGE(B17:F17) -> 0.00038942296
A18: 1000 | B18: 3767.0808 | C18: 3768.486 | D18: 3767.7087 | E18: 3765.6948 | F18: 3769.7754 | G18: =MEDIAN(B18:F18) -> 3767.7087 | H18: =STDEV(B18:F18)/AVERAGE(B18:F18) -> 0.00040507252
A19: 10000 | B19: 37665.55 | C19: 37665.672 | D19: 37676.765 | E19: 37662.623 | F19: 37663.181 | G19: =MEDIAN(B19:F19) -> 37665.55 | H19: =STDEV(B19:F19)/AVERAGE(B19:F19) -> 0.00015289602

Sheet Paralelismo_grueso_cluster_88
A1: salmonella | B1: Repetición 1 | C1: Repetición 2 | D1: Repetición 3 | E1: Repetición 4 | F1: Repetición 5 | G1: MEDIANA | H1: COEF. VAR. | I1: ACELERACIÓN | J1: EFICIENCIA
A2: 5 | B2: 0.631414 | C2: 0.711505 | D2: 0.709495 | E2: 0.707313 | F2: 0.726572 | G2: =MEDIAN(B2:F2) -> 0.709495 | H2: =STDEV(B2:F2)/AVERAGE(B2:F2) -> 0.05389451 | I2: =Tiempos_cluster!G2/G2 -> 4.3158289 | J2: =(I2/L20) -> 0.04904351
A3: 50 | B3: 0.827732 | C3: 0.826599 | D3: 0.762633 | E3: 0.828493 | F3: 0.814627 | G3: =MEDIAN(B3:F3) -> 0.826599 | H3: =STDEV(B3:F3)/AVERAGE(B3:F3) -> 0.034704789 | I3: =Tiempos_cluster!G3/G3 -> 36.548919 | J3: =(I3/L20) -> 0.41532863
A4: 100 | B4: 1.455818 | C4: 1.461005 | D4: 1.459075 | E4: 1.455804 | F4: 1.501882 | G4: =MEDIAN(B4:F4) -> 1.459075 | H4: =STDEV(B4:F4)/AVERAGE(B4:F4) -> 0.013488025 | I4: =Tiempos_cluster!G4/G4 -> 41.430624 | J4: =(I4/L20) -> 0.47080254
I5: =STDEV(I2:I4)/AVERAGE(I2:I4) -> 0.73517854 | J5: =STDEV(J2:J4)/AVERAGE(J2:J4) -> 0.73517854
A6: neotrop | B6: Repetición 1 | C6: Repetición 2 | D6: Repetición 3 | E6: Repetición 4 | F6: Repetición 5 | G6: MEDIANA | H6: COEF. VAR. | I6: ACELERACIÓN | J6: EFICIENCIA
A7: 100 | B7: 1.024321 | C7: 1.022198 | D7: 1.022547 | E7: 1.022317 | F7: 1.037343 | G7: =MEDIAN(B7:F7) -> 1.022547 | H7: =STDEV(B7:F7)/AVERAGE(B7:F7) -> 0.006376124 | I7: =Tiempos_cluster!G7/G7 -> 40.776621 | J7: =(I7/L20) -> 0.46337069
A8: 1000 | B8: 6.775605 | C8: 6.804869 | D8: 6.801496 | E8: 6.778703 | F8: 6.76634 | G8: =MEDIAN(B8:F8) -> 6.778703 | H8: =STDEV(B8:F8)/AVERAGE(B8:F8) -> 0.0024903775 | I8: =Tiempos_cluster!G8/G8 -> 61.528903 | J8: =(I8/L20) -> 0.69919207
A9: 10000 | B9: 65.573371 | C9: 65.737662 | D9: 65.572701 | E9: 65.592535 | F9: 65.664603 | G9: =MEDIAN(B9:F9) -> 65.592535 | H9: =STDEV(B9:F9)/AVERAGE(B9:F9) -> 0.001095222 | I9: =Tiempos_cluster!G9/G9 -> 63.601178 | J9: =(I9/L20) -> 0.72274065
I10: =STDEV(I7:I9)/AVERAGE(I7:I9) -> 0.22823941 | J10: =STDEV(J7:J9)/AVERAGE(J7:J9) -> 0.22823941
A11: bv | B11: Repetición 1 | C11: Repetición 2 | D11: Repetición 3 | E11: Repetición 4 | F11: Repetición 5 | G11: MEDIANA | H11: COEF. VAR. | I11: ACELERACIÓN | J11: EFICIENCIA
A12: 150 | B12: 0.961187 | C12: 0.914365 | D12: 0.926149 | E12: 0.92309 | F12: 0.915553 | G12: =MEDIAN(B12:F12) -> 0.92309 | H12: =STDEV(B12:F12)/AVERAGE(B12:F12) -> 0.020654202 | I12: =Tiempos_cluster!G12/G12 -> 55.933658 | J12: =(I12/L20) -> 0.63560975
A13: 1500 | B13: 8.431821 | C13: 8.486344 | D13: 8.475437 | E13: 8.44875 | F13: 8.435841 | G13: =MEDIAN(B13:F13) -> 8.44875 | H13: =STDEV(B13:F13)/AVERAGE(B13:F13) -> 0.0028613321 | I13: =Tiempos_cluster!G13/G13 -> 61.118119 | J13: =(I13/L20) -> 0.69452408
A14: 15000 | B14: 80.74829 | C14: 81.452515 | D14: 81.554029 | E14: 81.738718 | F14: 81.660126 | G14: =MEDIAN(B14:F14) -> 81.554029 | H14: =STDEV(B14:F14)/AVERAGE(B14:F14) -> 0.0048692916 | I14: =Tiempos_cluster!G14/G14 -> 63.568817 | J14: =(I14/L20) -> 0.72237292
I15: =STDEV(I12:I14)/AVERAGE(I12:I14) -> 0.064748343 | J15: =STDEV(J12:J14)/AVERAGE(J12:J14) -> 0.064748343
A16: tara | B16: Repetición 1 | C16: Repetición 2 | D16: Repetición 3 | E16: Repetición 4 | F16: Repetición 5 | G16: MEDIANA | H16: COEF. VAR. | I16: ACELERACIÓN | J16: EFICIENCIA
A17: 100 | B17: 9.157108 | C17: 9.222494 | D17: 9.181748 | E17: 9.146348 | F17: 9.33412 | G17: =MEDIAN(B17:F17) -> 9.181748 | H17: =STDEV(B17:F17)/AVERAGE(B17:F17) -> 0.0082697473 | I17: =Tiempos_cluster!G17/G17 -> 41.025678 | J17: =(I17/L20) -> 0.46620089
A18: 1000 | B18: 62.129229 | C18: 62.377848 | D18: 62.436383 | E18: 62.107867 | F18: 62.37039 | G18: =MEDIAN(B18:F18) -> 62.37039 | H18: =STDEV(B18:F18)/AVERAGE(B18:F18) -> 0.0024673597 | I18: =Tiempos_cluster!G18/G18 -> 60.408613 | J18: =(I18/L20) -> 0.68646151
A19: 10000 | B19: 598.83889 | C19: 599.06959 | D19: 597.93872 | E19: 598.87972 | F19: 598.73027 | G19: =MEDIAN(B19:F19) -> 598.83889 | H19: =STDEV(B19:F19)/AVERAGE(B19:F19) -> 0.00073202979 | I19: =Tiempos_cluster!G19/G19 -> 62.897636 | J19: =(I19/L20) -> 0.71474586
I20: =STDEV(I17:I19)/AVERAGE(I17:I19) -> 0.21859618 | J20: =STDEV(J17:J19)/AVERAGE(J17:J19) -> 0.21859618 | K20: Nº CORES | L20: =88 -> 88

Sheet Paralelismo_fino_cluster_88
A1: salmonella | B1: Repetición 1 | C1: Repetición 2 | D1: Repetición 3 | E1: Repetición 4 | F1: Repetición 5 | G1: MEDIANA | H1: COEF. VAR. | I1: ACELERACIÓN | J1: EFICIENCIA
A2: 5 | B2: 0.170778 | C2: 0.170139 | D2: 0.170859 | E2: 0.170773 | F2: 0.168554 | G2: =MEDIAN(B2:F2) -> 0.170773 | H2: =STDEV(B2:F2)/AVERAGE(B2:F2) -> 0.0057317082 | I2: =Tiempos_cluster!G2/G2 -> 17.93058 | J2: =(I2/L20) -> 0.2037566
A3: 50 | B3: 1.081907 | C3: 1.108924 | D3: 1.11068 | E3: 1.102098 | F3: 1.140311 | G3: =MEDIAN(B3:F3) -> 1.108924 | H3: =STDEV(B3:F3)/AVERAGE(B3:F3) -> 0.018943113 | I3: =Tiempos_cluster!G3/G3 -> 27.243797 | J3: =(I3/L20) -> 0.3095886
A4: 100 | B4: 2.120283 | C4: 2.133948 | D4: 2.150581 | E4: 2.007568 | F4: 2.165473 | G4: =MEDIAN(B4:F4) -> 2.133948 | H4: =STDEV(B4:F4)/AVERAGE(B4:F4) -> 0.029651823 | I4: =Tiempos_cluster!G4/G4 -> 28.327957 | J4: =(I4/L20) -> 0.3219086
I5: =STDEV(I2:I4)/AVERAGE(I2:I4) -> 0.23328735 | J5: =STDEV(J2:J4)/AVERAGE(J2:J4) -> 0.23328735
A6: neotrop | B6: Repetición 1 | C6: Repetición 2 | D6: Repetición 3 | E6: Repetición 4 | F6: Repetición 5 | G6: MEDIANA | H6: COEF. VAR. | I6: ACELERACIÓN | J6: EFICIENCIA
A7: 100 | B7: 0.668213 | C7: 0.669468 | D7: 0.668814 | E7: 0.670146 | F7: 0.675333 | G7: =MEDIAN(B7:F7) -> 0.669468 | H7: =STDEV(B7:F7)/AVERAGE(B7:F7) -> 0.0042561864 | I7: =Tiempos_cluster!G7/G7 -> 62.282306 | J7: =(I7/L20) -> 0.70775348
A8: 1000 | B8: 6.618854 | C8: 6.646342 | D8: 6.630425 | E8: 6.630149 | F8: 6.647094 | G8: =MEDIAN(B8:F8) -> 6.630425 | H8: =STDEV(B8:F8)/AVERAGE(B8:F8) -> 0.0018136453 | I8: =Tiempos_cluster!G8/G8 -> 62.90489 | J8: =(I8/L20) -> 0.7148283
A9: 10000 | B9: 66.325305 | C9: 66.377691 | D9: 66.451477 | E9: 66.344103 | F9: 66.203208 | G9: =MEDIAN(B9:F9) -> 66.344103 | H9: =STDEV(B9:F9)/AVERAGE(B9:F9) -> 0.0013648209 | I9: =Tiempos_cluster!G9/G9 -> 62.880682 | J9: =(I9/L20) -> 0.71455321
I10: =STDEV(I7:I9)/AVERAGE(I7:I9) -> 0.0056256584 | J10: =STDEV(J7:J9)/AVERAGE(J7:J9) -> 0.0056256584
A11: bv | B11: Repetición 1 | C11: Repetición 2 | D11: Repetición 3 | E11: Repetición 4 | F11: Repetición 5 | G11: MEDIANA | H11: COEF. VAR. | I11: ACELERACIÓN | J11: EFICIENCIA
A12: 150 | B12: 0.856879 | C12: 0.858098 | D12: 0.859089 | E12: 0.859071 | F12: 0.886622 | G12: =MEDIAN(B12:F12) -> 0.859071 | H12: =STDEV(B12:F12)/AVERAGE(B12:F12) -> 0.014706027 | I12: =Tiempos_cluster!G12/G12 -> 60.101901 | J12: =(I12/L20) -> 0.68297615
A13: 1500 | B13: 8.537399 | C13: 8.51285 | D13: 8.523061 | E13: 8.511949 | F13: 8.539433 | G13: =MEDIAN(B13:F13) -> 8.523061 | H13: =STDEV(B13:F13)/AVERAGE(B13:F13) -> 0.0015336413 | I13: =Tiempos_cluster!G13/G13 -> 60.585241 | J13: =(I13/L20) -> 0.68846865
A14: 15000 | B14: 85.921673 | C14: 85.597179 | D14: 85.451651 | E14: 85.620992 | F14: 85.46966 | G14: =MEDIAN(B14:F14) -> 85.597179 | H14: =STDEV(B14:F14)/AVERAGE(B14:F14) -> 0.0022021065 | I14: =Tiempos_cluster!G14/G14 -> 60.566168 | J14: =(I14/L20) -> 0.68825191
I15: =STDEV(I12:I14)/AVERAGE(I12:I14) -> 0.0045304039 | J15: =STDEV(J12:J14)/AVERAGE(J12:J14) -> 0.0045304039
A16: tara | B16: Repetición 1 | C16: Repetición 2 | D16: Repetición 3 | E16: Repetición 4 | F16: Repetición 5 | G16: MEDIANA | H16: COEF. VAR. | I16: ACELERACIÓN | J16: EFICIENCIA
A17: 100 | B17: 5.758377 | C17: 5.752971 | D17: 5.777063 | E17: 5.757892 | F17: 5.779184 | G17: =MEDIAN(B17:F17) -> 5.758377 | H17: =STDEV(B17:F17)/AVERAGE(B17:F17) -> 0.0020990145 | I17: =Tiempos_cluster!G17/G17 -> 65.415557 | J17: =(I17/L20) -> 0.7433586
A18: 1000 | B18: 57.661793 | C18: 57.681739 | D18: 57.688201 | E18: 57.71957 | F18: 57.696423 | G18: =MEDIAN(B18:F18) -> 57.688201 | H18: =STDEV(B18:F18)/AVERAGE(B18:F18) -> 0.0003658413 | I18: =Tiempos_cluster!G18/G18 -> 65.3116 | J18: =(I18/L20) -> 0.74217728
A19: 10000 | B19: 577.03981 | C19: 576.78092 | D19: 576.69535 | E19: 576.88535 | F19: 576.61519 | G19: =MEDIAN(B19:F19) -> 576.78092 | H19: =STDEV(B19:F19)/AVERAGE(B19:F19) -> 0.0002877731 | I19: =Tiempos_cluster!G19/G19 -> 65.303045 | J19: =(I19/L20) -> 0.74208005
I20: =STDEV(I17:I19)/AVERAGE(I17:I19) -> 0.00095855398 | J20: =STDEV(J17:J19)/AVERAGE(J17:J19) -> 0.00095855398 | K20: Nº CORES | L20: =88 -> 88
B21: Parsimonia | C21: Profundidad (Depth) | D21: Maxima Anchura (Width) | E21: Nivel hoja + lejana | F21: Nivel hoja + cercana | G21: Diferencia hojas | H21: avgLeafDepI | I21: B2I | J21: maxDelW | K21: mWovermD
A22: salmonella | B22: 173323 | C22: 14 | D22: 16 | E22: 14 | F22: 1 | G22: =E22-F22 -> 13 | H22: 9.053571 | I22: 2.770021 | J22: 6 | K22: 1.142857
A23: neotrop | B23: 86005 | C23: 32 | D23: 88 | E23: 32 | F23: 2 | G23: =E23-F23 -> 30 | H23: 16.02734 | I23: 5.085181 | J23: 16 | K23: 2.75
A24: bv | B24: 22821 | C24: 27 | D24: 170 | E24: 27 | F24: 2 | G24: =E24-F24 -> 25 | H24: 14.51819 | I24: 5.436808 | J24: 30 | K24: 6.296296
A25: tara | B25: 126653 | C25: 89 | D25: 294 | E25: 89 | F25: 2 | G25: =E25-F25 -> 87 | H25: 28.90475 | I25: 6.384784 | J25: 38 | K25: 3.303371
A28: avgLeafDepI | B28: average leaf depth index
A29: maxDelW | B29: (modified) maximum difference in widths
A30: maxDelW | B30: maximum width over maximum depth

Sheet Vectorizacion_cluster_AVX512
A1: salmonella | B1: Repetición 1 | C1: Repetición 2 | D1: Repetición 3 | E1: Repetición 4 | F1: Repetición 5 | G1: MEDIANA | H1: COEF. VAR. | I1: ACELERACIÓN | J1: EFICIENCIA
A2: 5 | B2: 0.640597 | C2: 0.641188 | D2: 0.638396 | E2: 0.638678 | F2: 0.639443 | G2: =MEDIAN(B2:F2) -> 0.639443 | H2: =STDEV(B2:F2)/AVERAGE(B2:F2) -> 0.0018860424 | I2: =Tiempos_cluster!G2/G2 -> 4.7886348 | J2: =(I2/L20) -> 0.074822419
A3: 50 | B3: 6.384929 | C3: 6.38665 | D3: 6.390189 | E3: 6.386019 | F3: 6.387766 | G3: =MEDIAN(B3:F3) -> 6.38665 | H3: =STDEV(B3:F3)/AVERAGE(B3:F3) -> 0.00031380722 | I3: =Tiempos_cluster!G3/G3 -> 4.7303829 | J3: =(I3/L20) -> 0.073912233
A4: 100 | B4: 12.800741 | C4: 12.788323 | D4: 12.785273 | E4: 12.784379 | F4: 12.791765 | G4: =MEDIAN(B4:F4) -> 12.788323 | H4: =STDEV(B4:F4)/AVERAGE(B4:F4) -> 0.00051742989 | I4: =Tiempos_cluster!G4/G4 -> 4.7269988 | J4: =(I4/L20) -> 0.073859356
I5: =STDEV(I2:I4)/AVERAGE(I2:I4) -> 0.0072967769 | J5: =STDEV(J2:J4)/AVERAGE(J2:J4) -> 0.0072967769
A6: neotrop | B6: Repetición 1 | C6: Repetición 2 | D6: Repetición 3 | E6: Repetición 4 | F6: Repetición 5 | G6: MEDIANA | H6: COEF. VAR. | I6: ACELERACIÓN | J6: EFICIENCIA
A7: 100 | B7: 8.291421 | C7: 8.285951 | D7: 8.29265 | E7: 8.291394 | F7: 8.284912 | G7: =MEDIAN(B7:F7) -> 8.291394 | H7: =STDEV(B7:F7)/AVERAGE(B7:F7) -> 0.00042894555 | I7: =Tiempos_cluster!G7/G7 -> 5.02883 | J7: =(I7/L20) -> 0.078575469
A8: 1000 | B8: 82.862941 | C8: 82.904819 | D8: 82.898351 | E8: 82.903415 | F8: 82.975659 | G8: =MEDIAN(B8:F8) -> 82.903415 | H8: =STDEV(B8:F8)/AVERAGE(B8:F8) -> 0.00049462527 | I8: =Tiempos_cluster!G8/G8 -> 5.0309888 | J8: =(I8/L20) -> 0.078609201
A9: 10000 | B9: 829.54467 | C9: 828.77779 | D9: 828.97162 | E9: 829.35481 | F9: 829.18618 | G9: =MEDIAN(B9:F9) -> 829.18618 | H9: =STDEV(B9:F9)/AVERAGE(B9:F9) -> 0.000365773 | I9: =Tiempos_cluster!G9/G9 -> 5.0311529 | J9: =(I9/L20) -> 0.078611764
I10: =STDEV(I7:I9)/AVERAGE(I7:I9) -> 0.00025770959 | J10: =STDEV(J7:J9)/AVERAGE(J7:J9) -> 0.00025770959
A11: bv | B11: Repetición 1 | C11: Repetición 2 | D11: Repetición 3 | E11: Repetición 4 | F11: Repetición 5 | G11: MEDIANA | H11: COEF. VAR. | I11: ACELERACIÓN | J11: EFICIENCIA
A12: 150 | B12: 10.52574 | C12: 10.515931 | D12: 10.517211 | E12: 10.518618 | F12: 10.514278 | G12: =MEDIAN(B12:F12) -> 10.517211 | H12: =STDEV(B12:F12)/AVERAGE(B12:F12) -> 0.00042093835 | I12: =Tiempos_cluster!G12/G12 -> 4.9092673 | J12: =(I12/L20) -> 0.076707301
A13: 1500 | B13: 105.08296 | C13: 105.11714 | D13: 105.13766 | E13: 105.23036 | F13: 105.27585 | G13: =MEDIAN(B13:F13) -> 105.13766 | H13: =STDEV(B13:F13)/AVERAGE(B13:F13) -> 0.00077037994 | I13: =Tiempos_cluster!G13/G13 -> 4.9113868 | J13: =(I13/L20) -> 0.076740418
A14: 15000 | B14: 1057.3684 | C14: 1056.2028 | D14: 1056.5257 | E14: 1056.4768 | F14: 1056.7293 | G14: =MEDIAN(B14:F14) -> 1056.5257 | H14: =STDEV(B14:F14)/AVERAGE(B14:F14) -> 0.00041445809 | I14: =Tiempos_cluster!G14/G14 -> 4.9069257 | J14: =(I14/L20) -> 0.076670714
I15: =STDEV(I12:I14)/AVERAGE(I12:I14) -> 0.00045454326 | J15: =STDEV(J12:J14)/AVERAGE(J12:J14) -> 0.00045454326
A16: tara | B16: Repetición 1 | C16: Repetición 2 | D16: Repetición 3 | E16: Repetición 4 | F16: Repetición 5 | G16: MEDIANA | H16: COEF. VAR. | I16: ACELERACIÓN | J16: EFICIENCIA
A17: 100 | B17: 80.297533 | C17: 80.50028 | D17: 80.403216 | E17: 80.384534 | F17: 80.415926 | G17: =MEDIAN(B17:F17) -> 80.403216 | H17: =STDEV(B17:F17)/AVERAGE(B17:F17) -> 0.00090245173 | I17: =Tiempos_cluster!G17/G17 -> 4.6849797 | J17: =(I17/L20) -> 0.073202808
A18: 1000 | B18: 803.69772 | C18: 803.65945 | D18: 803.7487 | E18: 803.83355 | F18: 803.61677 | G18: =MEDIAN(B18:F18) -> 803.69772 | H18: =STDEV(B18:F18)/AVERAGE(B18:F18) -> 0.00010438249 | I18: =Tiempos_cluster!G18/G18 -> 4.6879674 | J18: =(I18/L20) -> 0.07324949
A19: 10000 | B19: 8046.3968 | C19: 8040.2687 | D19: 8031.9465 | E19: 8033.8567 | F19: 8031.9747 | G19: =MEDIAN(B19:F19) -> 8033.8567 | H19: =STDEV(B19:F19)/AVERAGE(B19:F19) -> 0.00078594261 | I19: =Tiempos_cluster!G19/G19 -> 4.6883523 | J19: =(I19/L20) -> 0.073255505
I20: =STDEV(I17:I19)/AVERAGE(I17:I19) -> 0.00039386947 | J20: =STDEV(J17:J19)/AVERAGE(J17:J19) -> 0.00039386947 | K20: N.º VEC | L20: 64
